year,interest_rate,exchg_rate_index,exchg_gbp_into_usd,exchg_gbp_into_eur,cpi,gdp_deflator_growth,gdp_m,unemployment_rate,gfcf,started_dwellings,completed_dwellings,capital_account_balance,trade_pct_of_gdp,randd_exp_pct_of_gdp,manuf_val_added_pct_of_gdp,urban_pop_pct,exports_total,imports_total,balance_total,goods_imports_total,goods_exports_total,goods_balance_total,goods_balance_eu,goods_balance_non_eu,goods_exports_eu,goods_imports_eu,goods_exports_non_eu,goods_imports_non_eu,services_exports_total,services_imports_total,services_balance_total,pub_sec_net_debt_m,pub_sec_net_debt_pct_of_gdp,pub_sec_deficit_m,pub_sec_receipts_m,pub_sec_expenditure_m,population,life_expectancy,mean_household_income,median_household_income,gini_coefficient,poverty_rate,child_poverty_rate,gdp_deflator_index,gdp_per_capita,gdp_growth_rate
1949,NA,NA,NA,NA,NA,3.1,NA,NA,NA,NA,NA,NA,NA,NA,NA,NA,NA,NA,NA,NA,NA,NA,NA,NA,NA,NA,NA,NA,NA,NA,NA,NA,NA,2234050.2978778332,20102614.106505517,17868563.808627687,NA,NA,NA,NA,NA,NA,NA,0.02605133826005855,NA,NA
1950,NA,NA,NA,NA,NA,1.3,NA,NA,NA,NA,NA,NA,NA,NA,NA,NA,NA,NA,NA,NA,NA,NA,NA,NA,NA,NA,NA,NA,NA,NA,NA,NA,NA,2269798.6797556547,20337244.598077793,18067445.91832214,NA,NA,NA,NA,NA,NA,NA,0.02639000565743931,NA,NA
1951,NA,NA,NA,NA,NA,8.2,NA,NA,NA,NA,NA,NA,NA,NA,NA,NA,NA,NA,NA,NA,NA,NA,NA,NA,NA,NA,NA,NA,NA,NA,NA,NA,NA,329200.9725035125,20144297.80681068,19815096.83430717,NA,NA,NA,NA,NA,NA,NA,0.028553986121349333,NA,NA
1952,NA,NA,NA,NA,NA,7,NA,NA,NA,NA,NA,NA,NA,NA,NA,NA,NA,NA,NA,NA,NA,NA,NA,NA,NA,NA,NA,NA,NA,NA,NA,NA,NA,-896809.1714651263,19716709.667539857,20613518.839004986,NA,NA,NA,NA,NA,NA,NA,0.030552765149843793,NA,NA
1953,NA,NA,NA,NA,NA,1.7,NA,NA,NA,NA,NA,NA,NA,NA,NA,NA,NA,NA,NA,NA,NA,NA,NA,NA,NA,NA,NA,NA,NA,NA,NA,NA,NA,-1712143.4849150116,19976080.09561556,21688223.580530573,NA,NA,NA,NA,NA,NA,NA,0.031072162157391132,NA,NA
1954,NA,NA,NA,NA,NA,1.1,NA,NA,NA,NA,NA,NA,NA,NA,NA,NA,NA,NA,NA,NA,NA,NA,NA,NA,NA,NA,NA,NA,NA,NA,NA,NA,NA,-881773.6948481335,20821955.73285791,21703729.427706044,NA,NA,NA,NA,NA,NA,NA,0.03141395594112243,NA,NA
1955,NA,NA,NA,NA,NA,4.7,586122,NA,NA,NA,NA,NA,NA,NA,NA,NA,NA,NA,NA,NA,NA,NA,NA,NA,NA,NA,NA,NA,NA,NA,NA,NA,NA,170262.3859522841,21106455.05858493,20936192.672632646,NA,NA,NA,NA,NA,NA,NA,0.032890411870355185,NA,NA
1956,NA,NA,NA,NA,NA,6.9,596062,NA,NA,NA,NA,NA,NA,NA,NA,NA,NA,NA,NA,NA,NA,NA,NA,NA,NA,NA,NA,NA,NA,NA,NA,NA,NA,-492038.50009597,20827733.735276233,21319772.235372204,NA,NA,NA,NA,NA,NA,NA,0.03515985028940969,NA,0.01695892663984631
1957,NA,NA,NA,NA,NA,4,607813,NA,NA,NA,NA,NA,NA,NA,NA,NA,NA,NA,NA,NA,NA,NA,NA,NA,NA,NA,NA,NA,NA,NA,NA,NA,NA,-131268.60829594574,21229962.629196394,21361231.23749234,NA,NA,NA,NA,NA,NA,NA,0.036566244300986074,NA,0.0197143921269935
1958,NA,NA,NA,NA,NA,3.7,615967,NA,NA,NA,NA,NA,NA,NA,NA,NA,NA,NA,NA,NA,NA,NA,NA,NA,NA,NA,NA,NA,NA,NA,NA,NA,NA,71204.04259061668,21938756.678197782,21867552.635607168,NA,NA,NA,NA,NA,NA,NA,0.03791919534012256,NA,0.013415310301030086
1959,NA,NA,NA,NA,NA,0.7,642287,NA,NA,NA,NA,NA,NA,NA,NA,NA,NA,NA,NA,NA,NA,NA,NA,NA,NA,NA,NA,NA,NA,NA,NA,NA,NA,-1338234.792151426,21788871.762622043,23127106.55477347,NA,NA,NA,NA,NA,NA,NA,0.038184629707503415,NA,0.04272956181094117
1960,NA,NA,NA,NA,NA,1,682893,NA,NA,NA,NA,-15557.553143532496,NA,NA,NA,78.444,NA,NA,NA,NA,NA,NA,NA,NA,NA,NA,NA,NA,NA,NA,NA,NA,NA,-1737260.1010277956,22555859.1325982,24293119.233625993,NA,NA,NA,NA,NA,NA,NA,0.038566476004578444,NA,0.06322095885484215
1961,NA,NA,NA,NA,NA,3.8,701144,NA,NA,NA,NA,-29976.017617596324,NA,NA,NA,78.374,NA,NA,NA,NA,NA,NA,NA,NA,NA,NA,NA,NA,NA,NA,NA,NA,NA,-1768585.0394381832,23945842.073523197,25714427.11296138,NA,70.7895,261.17471,236.08875,0.2611112,0.8584262877784279,0.931174625545262,0.040032002092752435,NA,0.02672600246305058
1962,NA,NA,NA,NA,NA,3.6,708681,NA,NA,NA,NA,-28934.379939764796,NA,NA,NA,78.237,NA,NA,NA,NA,NA,NA,NA,NA,NA,NA,NA,NA,NA,NA,NA,NA,NA,-1193543.172515298,25310348.852309257,26503892.024824552,NA,70.8576,256.43402,235.13429,0.2483952,0.859348488035038,0.9418815843191495,0.04147315416809152,NA,0.01074957498031788
1963,NA,NA,NA,NA,NA,1.5,742895,NA,NA,NA,NA,-38009.03768770416,NA,NA,NA,78.099,NA,NA,NA,NA,NA,NA,NA,NA,NA,NA,NA,NA,NA,NA,NA,NA,NA,-1453845.6915546844,25948294.91642454,27402140.607979223,NA,70.7609,271.6861,245.43381,0.2711299,0.8337681123860723,0.9164406174545735,0.04209525148061289,NA,0.0482784214618425
1964,NA,NA,NA,NA,NA,3.6,785288,NA,NA,NA,NA,-38981.27658608656,NA,NA,NA,77.96,NA,NA,NA,NA,NA,NA,NA,NA,NA,NA,NA,NA,NA,NA,NA,NA,NA,-1676194.893201722,27213517.089627963,28889711.982829683,NA,71.5407,270.70319,239.83897,0.26413180000000003,0.8573949436079192,0.9423380620124899,0.04361068053391495,NA,0.05706459190060507
1965,NA,NA,NA,NA,NA,5.9,801911,NA,NA,NA,NA,-38974.78078928835,NA,NA,NA,77.821,NA,NA,NA,NA,NA,NA,NA,NA,NA,NA,NA,NA,NA,NA,NA,NA,NA,-1606627.074758442,28891138.892859694,30497765.967618134,NA,71.5157,288.31231,263.74051,0.2512448,0.80791774513195,0.9041895400678103,0.046183710685415935,NA,0.021168030073043267
1966,NA,NA,NA,NA,NA,5.3,814393,NA,NA,NA,NA,-39069.36978983216,NA,NA,NA,77.682,NA,NA,NA,NA,NA,NA,NA,NA,NA,NA,NA,NA,NA,NA,NA,NA,NA,-1544268.248008629,30114258.977478527,31658527.225487154,NA,71.4329,297.31903,270.16418,0.260634,0.7800844335003789,0.8873043432634486,0.04863144735174297,NA,0.015565318345801467
1967,NA,NA,NA,NA,NA,2.9,836815,NA,NA,NA,NA,-49958.27552277654,NA,NA,NA,77.541,NA,NA,NA,NA,NA,NA,NA,NA,NA,NA,NA,NA,NA,NA,NA,NA,NA,-2717730.1884390437,32518840.7032857,35236570.89172475,NA,72.0706,299.73057,274.01663,0.2509403,0.7855444106431992,0.8949587809611989,0.050041759324943515,NA,0.027532161990586855
1968,NA,NA,NA,NA,NA,4.2,882470,NA,NA,NA,NA,-49862.38631831823,NA,NA,NA,77.4,NA,NA,NA,NA,NA,NA,NA,NA,NA,NA,NA,NA,NA,NA,NA,NA,NA,-1547651.759957031,35354349.68377679,36902001.44373382,NA,71.6842,308.51833,277.98553,0.2495084,0.747808213712347,0.8621968967015938,0.05214351321659114,NA,0.054558056440192876
1969,NA,NA,NA,NA,NA,6.6,899298,NA,NA,NA,NA,-41378.080723095656,NA,NA,NA,77.259,NA,NA,NA,NA,NA,NA,NA,NA,NA,NA,NA,NA,NA,NA,NA,NA,NA,1003868.2192820597,37245669.79174997,36241801.57246791,NA,71.6625,310.21595,280.22803,0.2566273,0.7480119353616703,0.8616130757337974,0.055584985088886166,NA,0.019069203485670903
1970,NA,NA,NA,NA,NA,9.6,923582,NA,NA,NA,NA,-36112.2570576049,42.9892674147399,NA,NA,77.117,NA,NA,NA,NA,NA,NA,NA,NA,NA,NA,NA,NA,NA,NA,NA,NA,NA,1239307.0035678046,37497654.555633016,36258347.552065216,NA,71.8819,320.70687,287.76294,0.2591464,0.7196888899960759,0.8451807150001754,0.06092114365741924,NA,0.027003284784354018
1971,NA,NA,NA,NA,NA,8.3,956960,4.1,NA,NA,NA,-34860.31697829735,42.6353072625698,NA,NA,77.03,NA,NA,NA,NA,NA,NA,NA,NA,NA,NA,NA,NA,NA,NA,NA,NA,NA,-386494.81867242715,36886762.360905334,37273257.17957776,55928000,72.234,317.0205,284.31412,0.2663186,0.7237234764130204,0.8432489826575543,0.06597759858098504,17110.5707338006,0.03613972554683829
1972,NA,NA,NA,NA,NA,7.5,998663,4.3,NA,NA,NA,-49347.26366998614,41.569431627825,NA,NA,77.195,NA,NA,NA,NA,NA,NA,NA,NA,NA,NA,NA,NA,NA,NA,NA,NA,NA,-2105013.2759796944,36617079.564948864,38722092.840928555,56096700,71.9882,335.22375,302.50876,0.2692976,0.6710495927046198,0.7988714297531271,0.07092591847455891,17802.526708344696,0.043578623975923755
1973,NA,NA,NA,NA,NA,8.8,1063550,3.7,NA,NA,NA,-50539.47697293748,47.4304221696313,NA,NA,77.358,NA,NA,NA,NA,NA,NA,NA,NA,NA,NA,NA,NA,NA,NA,NA,NA,NA,-3550722.2283550953,37469190.697320886,41019912.92567597,56222900,72.1846,356.26212,319.93738,0.2585874,0.6315948151275109,0.7698687855155697,0.0771673993003201,18916.669186399136,0.06497387006427593
1974,NA,NA,NA,NA,NA,16.2,1036973,3.7,NA,NA,NA,-37917.43274371938,58.7204994159872,NA,NA,77.521,NA,NA,NA,NA,NA,NA,NA,NA,NA,NA,NA,NA,NA,NA,NA,NA,NA,-4806592.209571485,40425559.3978554,45232151.60742688,56235600,72.376,351.23436,321.78525,0.2511235,0.62879946924716,0.7624745841754983,0.08966851798697195,18439.796143368258,-0.024988952094400826
1975,10.795691666666666,NA,0.45203333333333334,0.58975,NA,26.1,1021204,4.5,NA,NA,NA,-31838.12051065675,52.7400836429526,NA,NA,77.683,NA,NA,NA,NA,NA,NA,NA,NA,NA,NA,NA,NA,NA,NA,NA,NA,NA,-6377352.416731828,40811164.14124351,47188516.55797534,56225700,72.65,343.27817,316.20834,0.2429659,0.6467293753047064,0.7944175743255888,0.11307200118157164,18162.584014071857,-0.01520676044602897
1976,11.729216666666666,NA,0.5566333333333333,0.6645166666666666,NA,15.5,1051973,5.4,NA,NA,NA,-9188.490767866306,57.4007925840093,NA,NA,77.844,NA,NA,NA,NA,NA,NA,NA,NA,NA,NA,NA,NA,NA,NA,NA,NA,NA,-6095797.916915304,42012076.91337671,48107874.830292016,56216100,72.6341,334.42549,306.42648,0.2426097,0.6696792166132027,0.8153227042571796,0.13059816136471525,18713.01993557006,0.03013012091609512
1977,8.458758333333334,NA,0.5732833333333334,0.69585,NA,13.9,1077816,5.6,NA,NA,NA,7394.893067495562,58.9106533789518,NA,NA,78.005,NA,NA,NA,NA,NA,NA,NA,NA,NA,NA,NA,NA,NA,NA,NA,NA,NA,-3923326.9038094636,41769045.09723948,45692372.001048945,56189900,73.1111,331.24802,301.77591,0.2395271,0.6746753452423232,0.7966568354310499,0.14875130579441068,19181.6678798147,0.024566219855452563
1978,9.124241666666666,NA,0.521425,0.6978,NA,11.8,1122953,5.5,NA,272470,288560,-47503.37878778252,54.9658489521189,NA,NA,78.164,NA,NA,NA,NA,NA,NA,NA,NA,NA,NA,NA,NA,NA,NA,NA,NA,NA,-5011305.807814931,41429560.69746111,46440866.50527605,56178000,73.0429,358.87455,332.13452,0.2395671,0.604357594168119,0.7369743395427748,0.16630395987815114,19989.19505856385,0.0418782055564215
1979,13.763116666666667,NA,0.47204166666666664,0.6771833333333334,NA,14.4,1164860,5.4,NA,231700,251710,-54138.798078489854,54.6416439532449,NA,NA,78.323,NA,NA,NA,NA,NA,NA,NA,NA,NA,NA,NA,NA,NA,NA,NA,NA,NA,-4921900.050553194,42398563.18643986,47320463.23699306,56240100,73.1607,373.29592,337.34964,0.2530981,0.5764042373007598,0.6925670249966633,0.19025173010060492,20712.267581316533,0.03731856987781323
1980,16.30725,114.84769166666666,0.4301833333333333,0.6171666666666666,NA,20.1,1140989,6.8,NA,160350,240270,-1750.6058245471768,51.2923400946947,NA,NA,78.481,NA,NA,NA,NA,NA,NA,NA,NA,NA,NA,NA,NA,NA,NA,NA,NA,NA,-4394458.27106955,43780025.763188064,48174484.03425761,56329700,73.5906,378.47588,345.7858,0.2574991,0.5611268415891144,0.6682408308434528,0.22849232785082654,20255.54902653485,-0.02049259138437237
1981,13.167266666666666,116.07386666666667,0.4975333333333333,0.56085,NA,12.4,1134663,9.6,NA,158880,204380,-30760.200208902785,49.3737636806214,NA,NA,78.588,NA,NA,NA,NA,NA,NA,NA,NA,NA,NA,NA,NA,NA,NA,NA,NA,NA,-3436186.9220704697,45089391.701153815,48525578.62322429,56357500,73.9162,374.431,333.68536,0.2632599,0.5804257921195329,0.7084339030805249,0.2568253765043291,20133.309674843633,-0.005544312872429094
1982,11.961125,110.73423333333334,0.5724,0.5663333333333334,NA,8,1157191,10.7,NA,200790,176920,2163.1645716527983,49.5961959065716,NA,NA,78.539,NA,NA,NA,NA,NA,NA,NA,NA,NA,NA,NA,NA,NA,NA,NA,NA,NA,-2653121.347132157,46870368.35628701,49523489.703419164,56290700,74.0388,369.50345,329.44937,0.2611912,0.5924758111785867,0.7080883422062586,0.27737140662467535,20557.410016219375,0.019854353230871192
1983,9.864483333333332,103.10016666666667,0.6598916666666667,0.5875833333333333,NA,5.5,1205632,11.5,NA,228600,201600,25629.911986407562,50.7955436670475,NA,NA,78.489,NA,NA,NA,NA,NA,NA,NA,NA,NA,NA,NA,NA,NA,NA,NA,NA,NA,-3616209.7152021974,47828833.0882347,51445042.8034369,56315700,74.2927,386.75208,343.15778,0.2678422,0.5624496055140209,0.6739642200846357,0.2926268339890325,21408.452705018317,0.0418608509744718
1984,9.65875,98.787875,0.751675,0.5895583333333333,NA,5.2,1232675,11.8,NA,204840,212200,34757.92880285943,55.3889118191304,NA,NA,78.44,NA,NA,NA,NA,NA,NA,NA,NA,NA,NA,NA,NA,NA,NA,NA,NA,NA,-4035492.9861488105,48129011.65690897,52164504.64305778,56409300,74.6741,397.86127,349.93863,0.2699754,0.5408774886521829,0.6440886635926588,0.3078434293564622,21852.336405521786,0.022430559241957745
1985,12.095741666666667,99.41583333333334,0.7793333333333333,0.58595,NA,5.4,1283200,11.4,NA,206410,200800,57016.5885946638,54.9316639169471,NA,NA,78.39,NA,NA,NA,NA,NA,NA,NA,NA,NA,NA,NA,NA,NA,NA,NA,NA,NA,-3255493.109867209,49276509.64349414,52532002.75336135,56554000,74.5362,419.29755,365.00677,0.2820465,0.5105569209235719,0.6132854457152724,0.3244669745417112,22689.81858047176,0.040988094996653616
1986,10.761666666666667,94.48118333333333,0.682125,0.6772833333333333,NA,4.5,1323173,11.3,NA,217860,207320,-76975.71252143932,50.510143037842,NA,NA,78.34,NA,NA,NA,NA,NA,NA,NA,NA,NA,NA,NA,NA,NA,NA,NA,NA,NA,-2641653.0921629574,49577962.45973759,52213422.10376664,56683800,74.7948,437.65741,382.12827,0.2909725,0.47620357937602453,0.581088875681595,0.33906798839608815,23343.05392369601,0.03115102867830424
1987,9.602125,94.06495833333334,0.611825,0.71285,NA,5.5,1395353,10.4,NA,234670,214370,44448.5783476198,49.8774164683693,NA,NA,78.29,NA,NA,NA,NA,NA,NA,NA,NA,NA,NA,NA,NA,NA,NA,NA,NA,NA,-1937287.0940189008,50151973.91647602,52129795.87754149,56804000,75.147,469.08033,401.44592,0.3050179,0.4437007648535353,0.5314993676824263,0.357716727757873,24564.344060277446,0.05455068989466986
1988,9.935425,99.74703333333333,0.5622166666666667,0.667575,NA,6.1,1471002,8.6,NA,259140,232940,-10275.665863799859,47.343742365699804,NA,NA,78.24,NA,NA,NA,NA,NA,NA,NA,NA,NA,NA,NA,NA,NA,NA,NA,NA,NA,825478.4910585886,52183783.435554065,51399934.56517446,56916400,75.2593,507.85145,434.55368,0.3225789,0.39464590128394983,0.4636378898182978,0.37953744815110324,25844.958570816143,0.05421495492538447
1989,13.666233333333334,96.47385,0.6111833333333333,0.6820666666666667,5.2,8,1506644,7.2,NA,207850,216630,-13661.853949971319,48.6599718982122,NA,NA,78.19,NA,NA,NA,NA,NA,NA,NA,NA,NA,NA,NA,NA,NA,NA,NA,NA,NA,760428.5493225107,52625949.338644885,51909921.814659774,57076500,75.3971,515.62508,440.77249,0.3268299,0.3874515902701613,0.4588875819796652,0.40990044400319153,26396.923427329988,0.024229742719588415
1990,14.643116666666666,95.92590833333334,0.563075,0.7291000000000001,7,8.5,1515202,7.1,NA,171630,202510,49916.58289818356,48.2329411879358,NA,16.4860360938355,78.14,NA,NA,NA,NA,NA,NA,NA,NA,NA,NA,NA,NA,NA,NA,NA,NA,NA,-1184507.0212055452,51465346.06486233,52696621.77635087,57237500,75.7377,534.12006,448.74747,0.3391206,0.3775732284601142,0.4673996009857998,0.4447419817434628,26472.190434592707,0.005680173949519594
1991,11.569983333333333,96.61511666666667,0.5668416666666667,0.7141833333333333,7.5,6.7,1493903,8.9,NA,170680,191020,-11590.178995584556,45.2998069343145,NA,16.0863945021807,78.112,NA,NA,NA,NA,NA,NA,NA,NA,NA,NA,NA,NA,NA,NA,NA,NA,NA,-4043918.8168230476,49626406.96223956,53715000.650827415,57438700,75.9108,539.87107,447.33289,0.3408231,0.3793719381938453,0.46632616603802185,0.4745396945202748,26008.649220821502,-0.014056871625037454
1992,9.428058333333334,93.50741666666667,0.5695749999999999,0.7525583333333333,4.2,3.3,1498023,9.9,NA,164150,179100,7139.950098485602,46.2897460463871,NA,15.870870613089,78.172,NA,NA,NA,NA,NA,NA,NA,NA,NA,NA,NA,NA,NA,NA,NA,NA,NA,-8194214.730170561,48689971.70303847,56928454.12381964,57584500,76.3074,538.99379,451.54529,0.3403351,0.380980037283988,0.46075671599421714,0.4901995044394438,26014.3441377454,0.002757876515409635
1993,5.888633333333333,85.18880833333333,0.6660416666666666,0.7935833333333333,2.5,3,1532082,10.4,NA,193370,185660,6337.819782289577,49.7307933489136,NA,15.5106709582979,78.232,NA,NA,NA,NA,NA,NA,NA,NA,NA,NA,NA,NA,NA,NA,NA,46523558.33936942,29.7,-10178340.513488865,47848162.67386795,57999171.33954569,57713900,76.1602,543.30995,450.49823,0.339653,NA,NA,0.5049054895726272,26546.152659931144,0.022735966003192207
1994,5.337783333333333,85.52359166666666,0.6532,0.7859166666666667,2,1.8,1584459,9.5,NA,210980,192980,-49027.8298482617,51.8679570207033,NA,16.2247406051562,78.293,NA,NA,NA,NA,NA,NA,NA,NA,NA,NA,NA,NA,NA,NA,NA,54164078.68950816,33.6,-9043299.948440082,50361698.107942976,59454414.99599202,57862100,76.7198,549.63615,455.73462,0.3324531,0.3673249240535151,0.4521454872525115,0.5139937883849345,27383.364931449083,0.034186812455208014
1995,6.569191666666667,81.88161666666667,0.6337833333333334,0.8402166666666666,2.6,2.6,1622576,8.6,NA,178380,199140,18393.590052605996,50.9957797486632,NA,15.3378842395037,78.353,NA,NA,NA,NA,NA,NA,NA,NA,NA,NA,NA,NA,NA,NA,NA,59466287.01543547,35.7,-7425700.891340731,53384266.32113357,60885248.194442175,58024800,76.614,554.61258,458.37454,0.3329828,0.36141532364489465,0.4469138467285112,0.5273576268829427,27963.49147261171,0.024056791624144265
1996,5.8846,83.28128333333333,0.6408833333333334,0.8276833333333333,2.4,4.1,1665005,8.1,NA,185820,189040,146817.9246996884,52.2438084688564,1.5754,15.1353911513605,78.413,NA,NA,NA,NA,NA,NA,NA,NA,NA,NA,NA,NA,NA,NA,NA,62279216.4451904,36.7,-5435542.026102608,53703118.78664694,59359434.16850143,58164400,76.8719,576.58901,480.47693,0.3329819,0.3364096492141849,0.4233280084606398,0.5489792895851433,28625.84329933774,0.02614916034749682
1997,6.5423,95.7465,0.6107916666666666,0.6912083333333333,1.8,0,1746257,6.9,279982,200810,191130,92717.52316642854,50.9734058453648,1.53729,14.9484217095568,78.472,429523,376849,52674,270222,278199,7977,18397,-8240,159275,140878,119284,127524,147290,106452,40838,66487025.453332834,37.2,-3517801.1933007226,58302928.01061285,61871732.94946683,58314200,77.1389,594.6721,491.87305,0.3401917,0.3207151823035691,0.4072750647876126,0.5489792895851433,29945.656461033504,0.04879985345389353
1998,7.230066666666667,99.494225,0.6036,0.6722916666666667,1.6,1.3,1802946,6.2,297889,187910,181030,-46932.652620914065,49.3364553465645,1.54777,14.3906716167535,78.532,440390,403285,37105,289024,277689,-11335,14972,-24190,165881,150909,111946,136136,159894,114125,45769,65507913.21762067,35.6,-693020.8551762559,62944779.00130453,63637799.85648079,58474900,77.2745,618.4035,501.82516,0.3480506,0.30897364583167014,0.39700851135339527,0.5561160203497502,30832.8188675825,0.03246314832238325
1999,5.344883333333334,98.854825,0.6180833333333333,0.659125,1.3,1.4,1856033,6,302301,191140,181990,-45752.659609134294,49.6314395043173,1.62269,13.7917350428661,78.591,455673,433292,22381,309241,285126,-24115,10848,-32757,172195,161347,113037,145794,168024,124252,43772,65312808.271489,34.2,1357328.9017376509,65835062.46741497,64477733.565677315,58684400,77.3728,634.69238,519.84760000000006,0.3457155,0.2888916076892804,0.3720441440122276,0.5639016446346466,31627.366046172407,0.029444586804041828
2000,5.964933333333334,100.66514166666667,0.6608583333333333,0.6092083333333334,0.8,1,1940007,5.4,320283,186180,176850,69002.97500341461,52.521730598718,1.60963,13.2766508714043,78.651,500205,472796,27409,340030,313305,-26725,15747,-40898,187042,171295,126392,167290,184093,132359,51734,58520843.686102,29.5,2884254.1231071036,70265571.42389694,67381317.30078983,58886100,77.8491,667.74293,540.05554,0.3525093,0.25889608333456166,0.3240957336193532,0.5695406610809931,32945.07532337852,0.045243807626265266
2001,5.122375,99.06341666666667,0.69475,0.6218166666666667,1.2,1.7,1986393,5.1,329123,192070,174080,12603.093905512813,52.8216135097523,1.59545,12.4763662221292,78.751,511034,500877,10157,363853,319454,-44399,3081,-45159,193853,190772,125785,170944,188803,135597,53206,57922438.42876094,28.7,537098.9745212379,71300881.57714579,70763782.60262455,59113000,78.1208,701.66793,570.29333,0.3483555,0.22702784903083761,0.2911669612682161,0.57922285231937,33603.319066871925,0.023910223004349983
2002,4,100.2247,0.6666583333333334,0.6288833333333333,1.3,2.1,2020341,5.2,333488,194380,181970,-114138.54784083762,51.3796342070387,1.61383,12.1152656577466,79.047,514332,522582,-8250,379928,322615,-57313,-10576,-43187,199363,209939,123503,166690,188812,141099,47713,62345011.24283974,30.1,-4430773.880108842,70398288.99019934,74829062.87030819,59365700,78.237,711.21788,583.31604,0.3435313,0.20784420627564837,0.2601973149456896,0.5913865322180767,34032.12629515023,0.017090273676961205
2003,3.6938416666666667,96.77156666666667,0.6122666666666666,0.69215,1.4,2.4,2085366,5,341453,208510,190500,-10733.515060263955,50.2395230519083,1.58131,11.5623514901449,79.339,524079,532658,-8579,384709,318654,-66055,-21776,-41350,186700,208476,132047,173397,202951,146742,56209,66812002.97511994,31.2,-7661087.6570136305,72544195.41030367,80205283.0673173,59636700,78.3302,715.42084,589.34137,0.3394656,0.19930296741242468,0.2501400215498946,0.6055798089913105,34967.83021193326,0.03218516082186126
2004,4.380916666666667,101.58599166666667,0.546125,0.6786916666666667,1.3,2.7,2133872,4.8,350398,228010,203490,14471.071162066599,50.4517112404991,1.53089,10.9499431816893,79.629,549770,570659,-20889,411923,323289,-88634,-31440,-54847,186559,217999,136902,191749,224334,157469,66865,74574253.38851655,34,-7810037.106167343,76190350.45796023,84000387.56412756,59950400,78.8998,729.65503,597.94751,0.3404947,0.18617346748305472,0.2339815918214234,0.6219304638340759,35593.95767167525,0.023260185502209204
2005,4.648675,100.37776666666667,0.5501916666666666,0.6838416666666667,2.1,2.9,2193421,4.8,377403,224440,205750,-131725.65586461662,52.6807168405482,1.55004,10.5141808859202,79.915,590337,611819,-21482,445660,347772,-97888,-43478,-51184,195139,238617,153035,204219,240236,164439,75797,78675999.67714646,34.9,-7570084.370127185,79528075.59817821,87098159.9683054,60413300,79.1061,739.52855,603.57117,0.3450695,0.1867496946834252,0.23745040375753668,0.639966447285264,36306.92248230108,0.027906547346794933
2006,4.638258333333333,101.24965833333333,0.5434166666666667,0.6818416666666667,2.3,3.1,2241453,5.4,386050,224320,208980,-231431.87119263635,56.9144274808123,1.57626,10.076030645948,80.199,659125,672842,-13717,499788,393325,-106463,-32167,-71066,242681,274848,149890,220956,262992,170290,92702,81690752.17605172,35.7,-6609827.613918307,82024638.49709782,88634466.11101612,60827000,79.3474,753.78417,613.37225,0.3518023,0.18270072138781926,0.22814296108812407,0.6598054071511071,36849.63914051326,0.021898212882980512
2007,5.508708333333334,103.71624166666666,0.4997333333333333,0.6846166666666667,2.3,2,2307148,5.3,407633,234890,223570,-37147.01888757854,52.9643534370859,1.6183,9.67204592405853,80.479,650180,666890,-16710,489384,358604,-130780,-51488,-76512,204834,256322,153661,230173,289945,175204,114741,85393567.01876555,36.1,-6212764.614909736,85307385.93494637,91520150.54985611,61319100,79.5337,769.26479,619.42249,0.358022,0.1809506030656126,0.22262586877398663,0.6730015152941293,37625.274995882195,0.029309113329612533
2008,4.675308333333334,91.13579166666666,0.5455,0.796675,3.6,3.3,2306008,5.7,399172,142060,187320,10212.733169479483,56.6986069277108,1.60901,9.59105170682731,80.757,666854,657982,8872,482284,359495,-122789,-53932,-66028,197040,250972,162589,228617,306119,173454,132665,107866600.05341782,47.6,-12654870.968795296,83941043.0635723,96595914.0323676,61823800,79.6554,776.58568,623.92004,0.356223,0.17426364617485,0.21233753641426856,0.6952105652988355,37299.68070548883,-4.941165456225609e-4
2009,0.6448666666666667,80.63331666666667,0.64135,0.8908916666666666,2.2,2,2200222,7.6,352849,114340,157150,8320.232767181573,55.004384033595,1.66991,9.0719795041587,81.031,613953,610295,3658,443244,328084,-115160,-43101,-69769,180789,223890,147353,217122,285184,165268,119916,135182629.3325467,60.6,-22707466.451476462,77813778.2774636,100521244.72894007,62260500,80.1556,787.07985,626.91437,0.3574156,0.16243822780427053,0.1889313385191949,0.7091147766048123,35338.970936629164,-0.04587408196328894
2010,0.5,80.394425,0.6474666666666666,0.8581666666666666,3.3,1.3,2249959,7.9,361216,139380,136000,-126542.93481968396,59.2727749722888,1.63886,9.4452591863619,81.302,651710,663086,-11376,487827,359518,-128309,-53000,-72818,192402,245402,167236,240054,290873,173348,117525,160440849.70262462,70.1,-20689978.659742452,82379589.77876367,103069568.43850613,62759500,80.3908,754.56213,618.74158,0.3371587,0.15953386585618703,0.17543385334236444,0.7183332687006747,35850.49275408504,0.022605446177703888
2011,0.5,79.94395,0.624,0.8677166666666667,4.5,2.5,2269116,8.1,360603,138460,140760,-134593.41372862895,63.5654009707745,1.64681,9.32941976073476,81.57,695989,681262,14727,503935,382929,-121006,-56187,-62060,200119,256306,183013,245073,311736,175247,136489,169851183.86379755,73.8,-16592475.037147194,84528059.21546718,101120534.2526144,63285100,80.7961,748.05281,604.87769,0.3400962,0.16930118485253748,0.19240171753442045,0.7362916004181915,35855.45412743284,0.008514377373098798
2012,0.5,83.008775,0.6309333333333333,0.8111333333333334,2.8,1.5,2303794,7.9,367983,125510,141690,-112800.67183293407,62.2259827334183,1.57587,9.34630320677592,81.837,699711,696649,3062,513650,378222,-135428,-78738,-53653,189404,268142,189416,243069,320971,181032,139939,181217022.37644434,77.3,-17463229.98842751,84516070.63160852,101979300.62003602,63710500,80.8594,740.69943,607.23822,0.3363875,0.16201242338935076,0.1842348009826681,0.7473359744244643,36160.3503347172,0.015282603445570874
2013,0.5,81.405925,0.6397666666666667,0.849375,2.6,2.2,2343384,7.6,383415,150220,135600,-187358.26223199762,61.9991119149908,1.62096,9.59367584672618,82.102,702700,718796,-16096,529843,377516,-152327,-90575,-58726,188144,278719,189998,248724,324937,186939,137998,190186311.47323534,79.2,-13565602.311753673,85780101.54316957,99345703.85492325,64138200,80.9232,759.75117,612.31494,0.3425986,0.15640903716497281,0.17591077717717934,0.7637773658618026,36536.479040571765,0.017184696201136038
2014,0.5,86.935375,0.6073583333333333,0.8064416666666666,1.5,1.6,2417439,6.2,411507,170140,145140,-271005.92165732005,59.0948041195932,2.26488,9.41066751713007,82.365,712184,755205,-43021,551270,384898,-166372,-98401,-65014,193909,292310,191554,256568,326862,202135,124727,199845926.44135612,81.5,-13403130.717895646,87569706.6082233,100972837.32611896,64618700,81.1529,777.57483,633.37909,0.3394323,0.14830357844063546,0.1731670323001964,0.7759978037155915,37410.82689685803,0.03160173492692619
2015,0.5,91.381325,0.6544416666666667,0.7261,0,0.7,2469182,5.4,439379,180610,172170,-237257.40017342768,57.2035496863734,2.27566,9.29473281602295,82.626,738202,792450,-54248,569102,397386,-171716,-108451,-60191,196583,305034,201472,261663,340404,221775,118629,205123995.0043081,81.7,-10956966.483413728,90201577.99408986,101158544.47750358,65087000,80.919,794.20867,642.55133,0.3468564,0.14553866027220974,0.17090302047940964,0.7814297883416005,37936.63865287999,0.021404056110619542
2016,0.398675,81.95310833333333,0.7409583333333333,0.8191666666666667,0.7,1.7,2523665,4.9,466345,187670,171890,-201204.43447228344,59.7003984143761,2.32052,9.1098062154651,82.886,765880,827957,-62077,594749,408454,-186295,-113332,-69506,205135,318467,204263,273769,356846,231564,125282,212730592.194398,82.5,-8533131.656850174,93037232.4953827,101570364.15223286,65605800,81.0675,786.93317,653.75806,0.3365,0.13772910063554422,0.15821739604992002,0.7947140947434076,38467.101994031014,0.022065202160067587
2017,0.2907166666666667,77.30646666666667,0.7764583333333334,0.8760666666666667,2.7,1.5,2599961,4.4,484361,197140,193650,-1210585.0039414093,63.1216500310687,2.32602,9.05419590661528,83.143,815172,853305,-38133,607455,434171,-173284,-108157,-61533,218211,326368,216978,278511,380364,243963,136401,216281269.623777,81.7,-6771465.796240011,96513068.1257981,103284533.92203812,65964300,81.164,791.28169,653.51172,0.3420763,0.1464970018307416,0.17939207239589244,0.8066348061645586,39414.66823721316,0.03023222178854959
2018,0.6032166666666666,78.42206666666667,0.7496833333333333,0.8847083333333333,2.5,2,2640295,4.1,483363,206500,199090,-330105.40553044254,64.542648250433,2.71124,8.95235988968101,83.398,846410,882424,-36014,612318,442911,-169407,-113932,-52125,218264,332196,225418,277543,402803,267974,134829,218603675.40024078,81.3,-6201873.537555925,97002980.52374667,103204854.0613026,66286700,81.1229,800.42167,646.57867,0.3504541,0.14771031924002617,0.1720055733225763,0.8227675022878499,39831.44431688408,0.015513309622721265
2019,0.75,78.069625,0.7835666666666666,0.8771249999999999,1.8,2.5,2673465,3.8,492227,191440,214230,-156758.26937434718,64.6651336372235,2.6708,8.79681958314551,83.652,862521,909625,-47104,629403,452721,-176682,-115484,-57773,215576,331060,237725,295498,409067,278018,131049,217872650.6417742,84.2,-5883889.625283268,97940242.60367022,103824132.22895348,66627500,81.4426,824.78863,674.82922,0.3517274,0.14028163677936978,0.17411703068160927,0.8433366898450461,40125.54875989644,0.01256299012042215
2020,0.228975,78.00115,0.7798666666666667,0.8891416666666667,0.9,4.8,2404838,4.6,443521,NA,NA,-341247.1709192,58.7811375973028,2.93883,8.99725503283597,83.903,758889,771512,-12623,555318,393180,-162138,-96279,-62607,189986,286265,203857,266464,365112,214719,150393,243545933.48924997,97.6,-30544224.146383494,88901111.03320509,119445335.1795886,66739900,80.3854,808.42605,662.65839,0.3416226,0.13291448423826144,0.15930136853273064,0.8838168509576082,36032.98776294241,-0.10047896643494492
2021,0.10595,81.4036,0.7270333333333333,0.8601083333333334,2.6,0.7,2610286,4.6,484576,NA,NA,-251459.6658,58.5845366237858,2.89711,8.64632011901637,84.152,780616,812232,-31616,592571,394369,-198202,-102838,-92864,185547,288385,209084,301948,385330,218408,166922,265706799.68000004,96.2,-18109927.3789,99593308.4944,117703235.8733,66978000,80.708,813.28344,666.40765,0.3423778,0.1344306876204934,0.15531082120414585,0.8900035689143113,38972.28940846248,0.08543111843708391
2022,1.4573833333333333,79.67430833333333,0.8113083333333333,0.8525833333333334,9.1,5.7,2744708,3.8,517505,NA,NA,-361951.50000000006,68.8805301397863,2.69,8.10840443503634,84.398,899377,925248,-25871,645541,448716,-196825,-120138,-74494,203686,323824,245125,319619,449587,278066,171521,265888190,93.1,-11471789.700000001,106863283.7,118335073.39999999,67636100,81.0744,814.17173,664.47223,0.3494055,0.14131878921154775,0.1820874080448775,0.940733772342427,40580.51839180556,0.05149703902177769
2023,4.676041666666666,80.49359166666666,0.804475,0.8698083333333333,7.3,6.3,2752164,4.1,520091,178570,194730,-499800,65.0323382579942,2.64,8.28364718748444,84.642,878278,910419,-32141,609467,417331,-192136,-132346,-59790,191793,324139,225538,285328,460947,300952,159995,269580000,95.8,-14319800,108340800,122660600,68526200,81.3015,795.04948,650.00372,0.3492461,0.1500070387453306,0.1998725401555742,1,40162.21532786,0.0027165002615943115
2024,5.108133333333333,83.6113,0.7827416666666667,0.8465833333333334,2.5,3.6,2783165,4.3,529217,133360,184590,-453571.4285714285,62.4075013968837,NA,8.00792286466205,84.884,883712,933984,-50272,615511,389601,-225910,-140088,-85822,182795,322883,206806,292628,494111,318473,175638,272133204.63320464,94.9,-14533494.208494207,108164961.38996139,122698455.5984556,69281400,NA,NA,NA,NA,NA,NA,1.036,40171.89317767828,0.01126422698647319
